﻿<?xml version="1.0" encoding="utf-8"?>
<itemrelease version="2.0">
  <item type="wordList" id="2168" version="8" bankkey="187">
    <keywordList>
      <keyword text="is made by joining" index="1">
        <html listType="glossary" listCode="TDS_WL_Glossary"><![CDATA[<p style="">is made by putting together</p>]]></html>
        <html listType="esnGlossary" listCode="TDS_WL_ESNGlossary"><![CDATA[<p style="">se hace uniendo <a href="item_2168_v8_2168_01spanish_glossary_ogg_m4a.ogg" type="audio/ogg" class="sound_explicit" autoplay="False" visible="True"></a></p>]]></html>
        <html listType="arabicGlossary" listCode="TDS_WL_ArabicGloss"><![CDATA[<p style="">يتم عن طريق توصيل <a href="item_2168_v8_2168_01arabic_glossary_ogg_m4a.ogg" type="audio/ogg" class="sound_explicit" autoplay="False" visible="True"></a></p>]]></html>
        <html listType="vietnameseGlossary" listCode="TDS_WL_VietnameseGloss"><![CDATA[<p style="">được tạo thành bằng cách ghép &#xA0;<a href="item_2168_v8_2168_01vietnamese_glossary_ogg_m4a.ogg" type="audio/ogg" class="sound_explicit" autoplay="False" visible="True"></a></p>]]></html>
        <html listType="cantoneseGlossary" listCode="TDS_WL_CantoneseGloss"><![CDATA[<p style="">透过连接起 得到,  以連接做成 <a href="item_2168_v8_2168_01cantonese_glossary_ogg_m4a.ogg" type="audio/ogg" class="sound_explicit" autoplay="False" visible="True"></a></p>]]></html>
        <html listType="mandarinGlossary" listCode="TDS_WL_MandarinGloss"><![CDATA[<p style=""><span style="">通过连接</span>……<span style="">得到，透过连接起</span>……<span style="">得到，</span><span style="">通過連接</span>……<span style="">得到</span><span style="font-size:1.0000em; font-family:'Times New Roman', serif; ">, </span><span style="">透過連結起</span>……<span style="">得到</span> &#xA0;<a href="item_2168_v8_2168_01mandarin_glossary_ogg_m4a.ogg" type="audio/ogg" class="sound_explicit" autoplay="False" visible="True"></a></p>]]></html>
        <html listType="tagalGlossary" listCode="TDS_WL_TagalGloss"><![CDATA[<p style="">ay ginawa sa pagsasama &#xA0;<a href="item_2168_v8_2168_01atagalog_glossary_ogg_m4a.ogg" type="audio/ogg" class="sound_explicit" autoplay="False" visible="True"></a>, ket naaramid babaen iti panagsilpo<a href="item_2168_v8_2168_01btagalog_glossary_ogg_m4a.ogg" type="audio/ogg" class="sound_explicit" autoplay="False" visible="True"></a></p>]]></html>
        <html listType="russianGlossary" listCode="TDS_WL_RussianGloss"><![CDATA[<p style="">создана путем соединения <a href="item_2168_v8_2168_01russian_glossary_ogg_m4a.ogg" type="audio/ogg" class="sound_explicit" autoplay="False" visible="True"></a></p>]]></html>
        <html listType="koreanGlossary" listCode="TDS_WL_KoreanGloss"><![CDATA[<p style="">~을 이어서 만들다 <a href="item_2168_v8_2168_01korean_glossary_ogg_m4a.ogg" type="audio/ogg" class="sound_explicit" autoplay="False" visible="True"></a></p>]]></html>
        <html listType="punjabiGlossary" listCode="TDS_WL_PunjabiGloss"><![CDATA[<p style="">ਜੋੜ੍ਹਨ ਦੇ ਨਾਲ ਬਣਿਆ ਹੈ<a href="item_2168_v8_2168_01bpunjabi_glossary_ogg_m4a.ogg" type="audio/ogg" class="sound_explicit" autoplay="False" visible="True"></a> , جوڑ کے بنائی گئی <a href="item_2168_v8_2168_01apunjabi_glossary_ogg_m4a.ogg" type="audio/ogg" class="sound_explicit" autoplay="False" visible="True"></a></p>]]></html>
        <html listType="ukrainianGlossary" listCode="TDS_WL_UkrainianGloss"><![CDATA[<p style="">створено шляхом з’єднання <a href="item_2168_v8_2168_01ukrainian_glossary_ogg_m4a.ogg" type="audio/ogg" class="sound_explicit" autoplay="False" visible="True"></a></p>]]></html>
      </keyword>
      <keyword text="Enter" index="2">
        <html listType="esnGlossary" listCode="TDS_WL_ESNGlossary"><![CDATA[<p style="">Escribe <a href="item_2168_v8_2168_02spanish_glossary_ogg_m4a.ogg" type="audio/ogg" class="sound_explicit" autoplay="False" visible="True"></a></p>]]></html>
        <html listType="arabicGlossary" listCode="TDS_WL_ArabicGloss"><![CDATA[<p style="">أدخل <a href="item_2168_v8_2168_02arabic_glossary_ogg_m4a.ogg" type="audio/ogg" class="sound_explicit" autoplay="False" visible="True"></a></p>]]></html>
        <html listType="vietnameseGlossary" listCode="TDS_WL_VietnameseGloss"><![CDATA[<p style="">Điền <a href="item_2168_v8_2168_02vietnamese_glossary_ogg_m4a.ogg" type="audio/ogg" class="sound_explicit" autoplay="False" visible="True"></a></p>]]></html>
        <html listType="cantoneseGlossary" listCode="TDS_WL_CantoneseGloss"><![CDATA[<p style=""> 輸入 <a href="item_2168_v8_2168_02cantonese_glossary_ogg_m4a.ogg" type="audio/ogg" class="sound_explicit" autoplay="False" visible="True"></a> </p>]]></html>
        <html listType="mandarinGlossary" listCode="TDS_WL_MandarinGloss"><![CDATA[<p style=""><span style="">輸入</span><span style="font-size:1.0000em; font-family:'Times New Roman', serif; ">, </span><span style="">填寫</span><span style="">，</span><span style="">输入，填写</span> &#xA0;<a href="item_2168_v8_2168_02mandarin_glossary_ogg_m4a.ogg" type="audio/ogg" class="sound_explicit" autoplay="False" visible="True"></a></p>]]></html>
        <html listType="tagalGlossary" listCode="TDS_WL_TagalGloss"><![CDATA[<p style="">Ilagay <a href="item_2168_v8_2168_02atagalog_glossary_ogg_m4a.ogg" type="audio/ogg" class="sound_explicit" autoplay="False" visible="True"></a> , Ikabil <a href="item_2168_v8_2168_02btagalog_glossary_ogg_m4a.ogg" type="audio/ogg" class="sound_explicit" autoplay="False" visible="True"></a></p><p style="">&#xA0;</p>]]></html>
        <html listType="russianGlossary" listCode="TDS_WL_RussianGloss"><![CDATA[<p style="">Введите <a href="item_2168_v8_2168_02russian_glossary_ogg_m4a.ogg" type="audio/ogg" class="sound_explicit" autoplay="False" visible="True"></a></p>]]></html>
        <html listType="koreanGlossary" listCode="TDS_WL_KoreanGloss"><![CDATA[<p style="">쓰다, 입력하다 <a href="item_2168_v8_2168_02korean_glossary_ogg_m4a.ogg" type="audio/ogg" class="sound_explicit" autoplay="False" visible="True"></a></p>]]></html>
        <html listType="punjabiGlossary" listCode="TDS_WL_PunjabiGloss"><![CDATA[<p style="">ਦਾਖਲ ਕਰੋ <a href="item_2168_v8_2168_02bpunjabi_glossary_ogg_m4a.ogg" type="audio/ogg" class="sound_explicit" autoplay="False" visible="True"></a> &#xA0;, پاؤ <a href="item_2168_v8_2168_02apunjabi_glossary_ogg_m4a.ogg" type="audio/ogg" class="sound_explicit" autoplay="False" visible="True"></a></p>]]></html>
        <html listType="ukrainianGlossary" listCode="TDS_WL_UkrainianGloss"><![CDATA[<p style="">Введіть <a href="item_2168_v8_2168_02ukrainian_glossary_ogg_m4a.ogg" type="audio/ogg" class="sound_explicit" autoplay="False" visible="True"></a></p>]]></html>
      </keyword>
    </keywordList>
  </item>
</itemrelease>