﻿<?xml version="1.0" encoding="utf-8"?>
<itemrelease version="2.0">
  <item type="wordList" id="2309" version="5" bankkey="187">
    <keywordList>
      <keyword text="makes" index="1">
        <html listType="esnGlossary" listCode="TDS_WL_ESNGlossary"><![CDATA[<p style="">prepara <a href="item_2309_v5_2309_01spanish_glossary_ogg_m4a.ogg" type="audio/ogg" class="sound_explicit" autoplay="False" visible="True"></a></p>]]></html>
        <html listType="arabicGlossary" listCode="TDS_WL_ArabicGloss"><![CDATA[<p style="">يصنع <a href="item_2309_v5_2309_01arabic_glossary_ogg_m4a.ogg" type="audio/ogg" class="sound_explicit" autoplay="False" visible="True"></a></p>]]></html>
        <html listType="vietnameseGlossary" listCode="TDS_WL_VietnameseGloss"><![CDATA[<p style="">Bao nhiêu <a href="item_2309_v5_2309_01vietnamese_glossary_ogg_m4a.ogg" type="audio/ogg" class="sound_explicit" autoplay="False" visible="True"></a></p>]]></html>
        <html listType="cantoneseGlossary" listCode="TDS_WL_CantoneseGloss"><![CDATA[<p style="">得到 <a href="item_2309_v5_2309_01cantonese_glossary_ogg_m4a.ogg" type="audio/ogg" class="sound_explicit" autoplay="False" visible="True"></a></p>]]></html>
        <html listType="mandarinGlossary" listCode="TDS_WL_MandarinGloss"><![CDATA[<p style="">获得，得到, 獲得，得到 <a href="item_2309_v5_2309_01mandarin_glossary_ogg_m4a.ogg" type="audio/ogg" class="sound_explicit" autoplay="False" visible="True"></a></p>]]></html>
        <html listType="tagalGlossary" listCode="TDS_WL_TagalGloss"><![CDATA[<p style="line-height:1.15em; "><span style="language:es; country:MX; font-size:1.0000em; font-family:'Times New Roman', serif; ">piliin, </span><span style="language:es; country:MX; font-size:1.0000em; font-family:'Times New Roman', serif; "><a href="item_2309_v5_2309_01btagalog_glossary_ogg_m4a.ogg" type="audio/ogg" class="sound_explicit" autoplay="False" visible="True"></a></span><span style="language:es; country:MX; font-size:1.0000em; font-family:'Times New Roman', serif; "> pilien</span> <a href="item_2309_v5_2309_01atagalog_glossary_ogg_m4a.ogg" type="audio/ogg" class="sound_explicit" autoplay="False" visible="True"></a></p>]]></html>
        <html listType="russianGlossary" listCode="TDS_WL_RussianGloss"><![CDATA[<p style="">готовит <a href="item_2309_v5_2309_01russian_glossary_ogg_m4a.ogg" type="audio/ogg" class="sound_explicit" autoplay="False" visible="True"></a></p>]]></html>
        <html listType="koreanGlossary" listCode="TDS_WL_KoreanGloss"><![CDATA[<p style="">만들다 <a href="item_2309_v5_2309_01korean_glossary_ogg_m4a.ogg" type="audio/ogg" class="sound_explicit" autoplay="False" visible="True"></a></p>]]></html>
        <html listType="punjabiGlossary" listCode="TDS_WL_PunjabiGloss"><![CDATA[<p style="">, بناؤندا اے <a href="item_2309_v5_2309_01bpunjabi_glossary_ogg_m4a.ogg" type="audio/ogg" class="sound_explicit" autoplay="False" visible="True"></a> <a href="item_2309_v5_2309_01apunjabi_glossary_ogg_m4a.ogg" type="audio/ogg" class="sound_explicit" autoplay="False" visible="True"></a></p>]]></html>
        <html listType="ukrainianGlossary" listCode="TDS_WL_UkrainianGloss"><![CDATA[<p style="">зробив <a href="item_2309_v5_2309_01ukrainian_glossary_ogg_m4a.ogg" type="audio/ogg" class="sound_explicit" autoplay="False" visible="True"></a></p>]]></html>
      </keyword>
      <keyword text="What" index="2">
        <html listType="esnGlossary" listCode="TDS_WL_ESNGlossary"><![CDATA[<p style="">Qué <a href="item_2309_v5_2309_02spanish_glossary_ogg_m4a.ogg" type="audio/ogg" class="sound_explicit" autoplay="False" visible="True"></a></p>]]></html>
        <html listType="arabicGlossary" listCode="TDS_WL_ArabicGloss"><![CDATA[<p style="">ما <a href="item_2309_v5_2309_02arabic_glossary_ogg_m4a.ogg" type="audio/ogg" class="sound_explicit" autoplay="False" visible="True"></a></p>]]></html>
        <html listType="vietnameseGlossary" listCode="TDS_WL_VietnameseGloss"><![CDATA[<p style="">phần <a href="item_2309_v5_2309_02vietnamese_glossary_ogg_m4a.ogg" type="audio/ogg" class="sound_explicit" autoplay="False" visible="True"></a></p>]]></html>
        <html listType="cantoneseGlossary" listCode="TDS_WL_CantoneseGloss"><![CDATA[<p style=""> 乜嘢 <a href="item_2309_v5_2309_02cantonese_glossary_ogg_m4a.ogg" type="audio/ogg" class="sound_explicit" autoplay="False" visible="True"></a></p>]]></html>
        <html listType="mandarinGlossary" listCode="TDS_WL_MandarinGloss"><![CDATA[<p style=""><span style="">什麼</span><span style="font-size:0.6667em; font-family:SimSun; ">, </span><span style="">什么</span> &#xA0;<a href="item_2309_v5_2309_02mandarin_glossary_ogg_m4a.ogg" type="audio/ogg" class="sound_explicit" autoplay="False" visible="True"></a></p>]]></html>
        <html listType="tagalGlossary" listCode="TDS_WL_TagalGloss"><![CDATA[<p style="">Anong, <a href="item_2309_v5_2309_02btagalog_glossary_ogg_m4a.ogg" type="audio/ogg" class="sound_explicit" autoplay="False" visible="True"></a> Ania <a href="item_2309_v5_2309_02atagalog_glossary_ogg_m4a.ogg" type="audio/ogg" class="sound_explicit" autoplay="False" visible="True"></a></p>]]></html>
        <html listType="russianGlossary" listCode="TDS_WL_RussianGloss"><![CDATA[<p style="">Какая <a href="item_2309_v5_2309_02russian_glossary_ogg_m4a.ogg" type="audio/ogg" class="sound_explicit" autoplay="False" visible="True"></a></p>]]></html>
        <html listType="koreanGlossary" listCode="TDS_WL_KoreanGloss"><![CDATA[<p style="">무엇, 어느, 어떤 <a href="item_2309_v5_2309_02korean_glossary_ogg_m4a.ogg" type="audio/ogg" class="sound_explicit" autoplay="False" visible="True"></a></p>]]></html>
        <html listType="punjabiGlossary" listCode="TDS_WL_PunjabiGloss"><![CDATA[<p style="">ਕਿਹੜਾ , <a href="item_2309_v5_2309_02bpunjabi_glossary_ogg_m4a.ogg" type="audio/ogg" class="sound_explicit" autoplay="False" visible="True"></a> کی <a href="item_2309_v5_2309_02apunjabi_glossary_ogg_m4a.ogg" type="audio/ogg" class="sound_explicit" autoplay="False" visible="True"></a></p>]]></html>
        <html listType="ukrainianGlossary" listCode="TDS_WL_UkrainianGloss"><![CDATA[<p style="">Яка <a href="item_2309_v5_2309_02ukrainian_glossary_ogg_m4a.ogg" type="audio/ogg" class="sound_explicit" autoplay="False" visible="True"></a></p>]]></html>
      </keyword>
      <keyword text="part" index="3">
        <html listType="esnGlossary" listCode="TDS_WL_ESNGlossary"><![CDATA[<p style="">parte, cantidad <a href="item_2309_v5_2309_03spanish_glossary_ogg_m4a.ogg" type="audio/ogg" class="sound_explicit" autoplay="False" visible="True"></a></p>]]></html>
        <html listType="arabicGlossary" listCode="TDS_WL_ArabicGloss"><![CDATA[<p style="">الجزء <a href="item_2309_v5_2309_03arabic_glossary_ogg_m4a.ogg" type="audio/ogg" class="sound_explicit" autoplay="False" visible="True"></a></p>]]></html>
        <html listType="vietnameseGlossary" listCode="TDS_WL_VietnameseGloss"><![CDATA[<p style="">mỗi <a href="item_2309_v5_2309_03vietnamese_glossary_ogg_m4a.ogg" type="audio/ogg" class="sound_explicit" autoplay="False" visible="True"></a></p>]]></html>
        <html listType="cantoneseGlossary" listCode="TDS_WL_CantoneseGloss"><![CDATA[<p style=""> 部份 <a href="item_2309_v5_2309_03cantonese_glossary_ogg_m4a.ogg" type="audio/ogg" class="sound_explicit" autoplay="False" visible="True"></a></p>]]></html>
        <html listType="mandarinGlossary" listCode="TDS_WL_MandarinGloss"><![CDATA[<p style="">部分 <a href="item_2309_v5_2309_03mandarin_glossary_ogg_m4a.ogg" type="audio/ogg" class="sound_explicit" autoplay="False" visible="True"></a></p>]]></html>
        <html listType="tagalGlossary" listCode="TDS_WL_TagalGloss"><![CDATA[<p style="">bahagi, &#xA0;<a href="item_2309_v5_2309_03btagalog_glossary_ogg_m4a.ogg" type="audio/ogg" class="sound_explicit" autoplay="False" visible="True"></a> paset <a href="item_2309_v5_2309_03atagalog_glossary_ogg_m4a.ogg" type="audio/ogg" class="sound_explicit" autoplay="False" visible="True"></a></p>]]></html>
        <html listType="russianGlossary" listCode="TDS_WL_RussianGloss"><![CDATA[<p style="">часть <a href="item_2309_v5_2309_03russian_glossary_ogg_m4a.ogg" type="audio/ogg" class="sound_explicit" autoplay="False" visible="True"></a></p>]]></html>
        <html listType="koreanGlossary" listCode="TDS_WL_KoreanGloss"><![CDATA[<p style="">부분 <a href="item_2309_v5_2309_03korean_glossary_ogg_m4a.ogg" type="audio/ogg" class="sound_explicit" autoplay="False" visible="True"></a></p>]]></html>
        <html listType="punjabiGlossary" listCode="TDS_WL_PunjabiGloss"><![CDATA[<p style="">ਭਾਗ , <a href="item_2309_v5_2309_03apunjabi_glossary_ogg_m4a.ogg" type="audio/ogg" class="sound_explicit" autoplay="False" visible="True"></a> &#xA0;<a href="item_2309_v5_2309_03bpunjabi_glossary_ogg_m4a.ogg" type="audio/ogg" class="sound_explicit" autoplay="False" visible="True"></a>حصہ</p>]]></html>
        <html listType="ukrainianGlossary" listCode="TDS_WL_UkrainianGloss"><![CDATA[<p style="">частина <a href="item_2309_v5_2309_03ukrainian_glossary_ogg_m4a.ogg" type="audio/ogg" class="sound_explicit" autoplay="False" visible="True"></a></p>]]></html>
      </keyword>
      <keyword text="every" index="4">
        <html listType="esnGlossary" listCode="TDS_WL_ESNGlossary"><![CDATA[<p style="">cada <a href="item_2309_v5_2309_04spanish_glossary_ogg_m4a.ogg" type="audio/ogg" class="sound_explicit" autoplay="False" visible="True"></a></p>]]></html>
        <html listType="arabicGlossary" listCode="TDS_WL_ArabicGloss"><![CDATA[<p style="">كل <a href="item_2309_v5_2309_04arabic_glossary_ogg_m4a.ogg" type="audio/ogg" class="sound_explicit" autoplay="False" visible="True"></a></p>]]></html>
        <html listType="vietnameseGlossary" listCode="TDS_WL_VietnameseGloss"><![CDATA[<p style="">Chọn <a href="item_2309_v5_2309_04vietnamese_glossary_ogg_m4a.ogg" type="audio/ogg" class="sound_explicit" autoplay="False" visible="True"></a></p>]]></html>
        <html listType="cantoneseGlossary" listCode="TDS_WL_CantoneseGloss"><![CDATA[<p style=""> 每个,  每個 <a href="item_2309_v5_2309_04cantonese_glossary_ogg_m4a.ogg" type="audio/ogg" class="sound_explicit" autoplay="False" visible="True"></a></p>]]></html>
        <html listType="mandarinGlossary" listCode="TDS_WL_MandarinGloss"><![CDATA[<p style="">每, 各 <a href="item_2309_v5_2309_04mandarin_glossary_ogg_m4a.ogg" type="audio/ogg" class="sound_explicit" autoplay="False" visible="True"></a></p>]]></html>
        <html listType="tagalGlossary" listCode="TDS_WL_TagalGloss"><![CDATA[<p style="">bawat, <a href="item_2309_v5_2309_04btagalog_glossary_ogg_m4a.ogg" type="audio/ogg" class="sound_explicit" autoplay="False" visible="True"></a> tunggal <a href="item_2309_v5_2309_04atagalog_glossary_ogg_m4a.ogg" type="audio/ogg" class="sound_explicit" autoplay="False" visible="True"></a></p>]]></html>
        <html listType="russianGlossary" listCode="TDS_WL_RussianGloss"><![CDATA[<p style="">каждого <a href="item_2309_v5_2309_04russian_glossary_ogg_m4a.ogg" type="audio/ogg" class="sound_explicit" autoplay="False" visible="True"></a></p>]]></html>
        <html listType="koreanGlossary" listCode="TDS_WL_KoreanGloss"><![CDATA[<p style="">모든, 모두, ~마다, 매 <a href="item_2309_v5_2309_04korean_glossary_ogg_m4a.ogg" type="audio/ogg" class="sound_explicit" autoplay="False" visible="True"></a></p>]]></html>
        <html listType="punjabiGlossary" listCode="TDS_WL_PunjabiGloss"><![CDATA[<p style="">ਹਰੇਕ , <a href="item_2309_v5_2309_04bpunjabi_glossary_ogg_m4a.ogg" type="audio/ogg" class="sound_explicit" autoplay="False" visible="True"></a> ہر اِک <a href="item_2309_v5_2309_04apunjabi_glossary_ogg_m4a.ogg" type="audio/ogg" class="sound_explicit" autoplay="False" visible="True"></a></p>]]></html>
        <html listType="ukrainianGlossary" listCode="TDS_WL_UkrainianGloss"><![CDATA[<p style="">кожної <a href="item_2309_v5_2309_04ukrainian_glossary_ogg_m4a.ogg" type="audio/ogg" class="sound_explicit" autoplay="False" visible="True"></a></p>]]></html>
      </keyword>
      <keyword text="Select" index="5">
        <html listType="esnGlossary" listCode="TDS_WL_ESNGlossary"><![CDATA[<p style="">Selecciona <a href="item_2309_v5_2309_05spanish_glossary_ogg_m4a.ogg" type="audio/ogg" class="sound_explicit" autoplay="False" visible="True"></a></p>]]></html>
        <html listType="arabicGlossary" listCode="TDS_WL_ArabicGloss"><![CDATA[<p style=""><span style="">&#xA0;</span><span style=""><a href="item_2309_v5_2309_05arabic_glossary_ogg_m4a.ogg" type="audio/ogg" class="sound_explicit" autoplay="False" visible="True"></a></span><span style="">اختر</span> </p>]]></html>
        <html listType="vietnameseGlossary" listCode="TDS_WL_VietnameseGloss"><![CDATA[<p style="">bao nhiêu <a href="item_2309_v5_2309_05vietnamese_glossary_ogg_m4a.ogg" type="audio/ogg" class="sound_explicit" autoplay="False" visible="True"></a></p>]]></html>
        <html listType="cantoneseGlossary" listCode="TDS_WL_CantoneseGloss"><![CDATA[<p style=""> 选择,  選擇 <a href="item_2309_v5_2309_05cantonese_glossary_ogg_m4a.ogg" type="audio/ogg" class="sound_explicit" autoplay="False" visible="True"></a></p>]]></html>
        <html listType="mandarinGlossary" listCode="TDS_WL_MandarinGloss"><![CDATA[<p style="">选择, 選擇 <a href="item_2309_v5_2309_05mandarin_glossary_ogg_m4a.ogg" type="audio/ogg" class="sound_explicit" autoplay="False" visible="True"></a></p>]]></html>
        <html listType="tagalGlossary" listCode="TDS_WL_TagalGloss"><![CDATA[<p style="">Piliin, <a href="item_2309_v5_2309_05btagalog_glossary_ogg_m4a.ogg" type="audio/ogg" class="sound_explicit" autoplay="False" visible="True"></a> Agpili <a href="item_2309_v5_2309_05atagalog_glossary_ogg_m4a.ogg" type="audio/ogg" class="sound_explicit" autoplay="False" visible="True"></a></p>]]></html>
        <html listType="russianGlossary" listCode="TDS_WL_RussianGloss"><![CDATA[<p style="line-height:1.15em; "><span style="color:#000000; language:ru; country:RU; font-weight:normal; font-size:1.0000em; font-family:'Times New Roman'; ">Выберите</span> <a href="item_2309_v5_2309_05russian_glossary_ogg_m4a.ogg" type="audio/ogg" class="sound_explicit" autoplay="False" visible="True"></a></p>]]></html>
        <html listType="koreanGlossary" listCode="TDS_WL_KoreanGloss"><![CDATA[<p style="">선택하다 <a href="item_2309_v5_2309_05korean_glossary_ogg_m4a.ogg" type="audio/ogg" class="sound_explicit" autoplay="False" visible="True"></a></p>]]></html>
        <html listType="punjabiGlossary" listCode="TDS_WL_PunjabiGloss"><![CDATA[<p style="">ਚੁਣੋ, <a href="item_2309_v5_2309_05bpunjabi_glossary_ogg_m4a.ogg" type="audio/ogg" class="sound_explicit" autoplay="False" visible="True"></a> &#xA0;<a href="item_2309_v5_2309_05apunjabi_glossary_ogg_m4a.ogg" type="audio/ogg" class="sound_explicit" autoplay="False" visible="True"></a>چُنو</p>]]></html>
        <html listType="ukrainianGlossary" listCode="TDS_WL_UkrainianGloss"><![CDATA[<p style="">Виберіть <a href="item_2309_v5_2309_05ukrainian_glossary_ogg_m4a.ogg" type="audio/ogg" class="sound_explicit" autoplay="False" visible="True"></a></p>]]></html>
      </keyword>
      <keyword text="how much" index="6">
        <html listType="esnGlossary" listCode="TDS_WL_ESNGlossary"><![CDATA[<p style="">cuánto <a href="item_2309_v5_2309_06spanish_glossary_ogg_m4a.ogg" type="audio/ogg" class="sound_explicit" autoplay="False" visible="True"></a></p>]]></html>
        <html listType="arabicGlossary" listCode="TDS_WL_ArabicGloss"><![CDATA[<p style="">كم مقدار <a href="item_2309_v5_2309_06arabic_glossary_ogg_m4a.ogg" type="audio/ogg" class="sound_explicit" autoplay="False" visible="True"></a></p>]]></html>
        <html listType="vietnameseGlossary" listCode="TDS_WL_VietnameseGloss"><![CDATA[<p style="">bức tường <a href="item_2309_v5_2309_06vietnamese_glossary_ogg_m4a.ogg" type="audio/ogg" class="sound_explicit" autoplay="False" visible="True"></a></p>]]></html>
        <html listType="cantoneseGlossary" listCode="TDS_WL_CantoneseGloss"><![CDATA[<p style=""> 几多,  幾多 <a href="item_2309_v5_2309_06cantonese_glossary_ogg_m4a.ogg" type="audio/ogg" class="sound_explicit" autoplay="False" visible="True"></a></p>]]></html>
        <html listType="mandarinGlossary" listCode="TDS_WL_MandarinGloss"><![CDATA[<p style="">多少 <a href="item_2309_v5_2309_06mandarin_glossary_ogg_m4a.ogg" type="audio/ogg" class="sound_explicit" autoplay="False" visible="True"></a></p>]]></html>
        <html listType="tagalGlossary" listCode="TDS_WL_TagalGloss"><![CDATA[<p style="line-height:1.15em; "><span style="language:es; country:MX; font-size:1.0000em; font-family:'Times New Roman', serif; ">kung gaano karami, </span><span style="language:es; country:MX; font-size:1.0000em; font-family:'Times New Roman', serif; "><a href="item_2309_v5_2309_06btagalog_glossary_ogg_m4a.ogg" type="audio/ogg" class="sound_explicit" autoplay="False" visible="True"></a></span><span style="language:es; country:MX; font-size:1.0000em; font-family:'Times New Roman', serif; "> kasano kaadu </span><span style="language:es; country:MX; font-size:1.0000em; font-family:'Times New Roman', serif; "><a href="item_2309_v5_2309_06atagalog_glossary_ogg_m4a.ogg" type="audio/ogg" class="sound_explicit" autoplay="False" visible="True"></a></span> </p>]]></html>
        <html listType="russianGlossary" listCode="TDS_WL_RussianGloss"><![CDATA[<p style="">сколько <a href="item_2309_v5_2309_06russian_glossary_ogg_m4a.ogg" type="audio/ogg" class="sound_explicit" autoplay="False" visible="True"></a></p>]]></html>
        <html listType="koreanGlossary" listCode="TDS_WL_KoreanGloss"><![CDATA[<p style="">얼마 <a href="item_2309_v5_2309_06korean_glossary_ogg_m4a.ogg" type="audio/ogg" class="sound_explicit" autoplay="False" visible="True"></a></p>]]></html>
        <html listType="punjabiGlossary" listCode="TDS_WL_PunjabiGloss"><![CDATA[<p style="">ਕਿੰਨਾ , <a href="item_2309_v5_2309_06bpunjabi_glossary_ogg_m4a.ogg" type="audio/ogg" class="sound_explicit" autoplay="False" visible="True"></a> کِنے <a href="item_2309_v5_2309_06apunjabi_glossary_ogg_m4a.ogg" type="audio/ogg" class="sound_explicit" autoplay="False" visible="True"></a></p>]]></html>
        <html listType="ukrainianGlossary" listCode="TDS_WL_UkrainianGloss"><![CDATA[<p style="">скільки <a href="item_2309_v5_2309_06ukrainian_glossary_ogg_m4a.ogg" type="audio/ogg" class="sound_explicit" autoplay="False" visible="True"></a></p>]]></html>
      </keyword>
    </keywordList>
  </item>
</itemrelease>