﻿<?xml version="1.0" encoding="utf-8"?>
<itemrelease version="2.0">
  <item format="eq" id="1987" version="15" bankkey="187">
    <attriblist>
      <attrib attid="itm_item_id">
        <name>Item: ITS ID</name>
        <val>1987</val>
        <desc></desc>
      </attrib>
      <attrib attid="itm_item_subject">
        <name>Item: Subject</name>
        <val>MATH</val>
        <desc></desc>
      </attrib>
      <attrib attid="itm_item_desc">
        <name>Item: Item Description</name>
        <val>Clone of Practice Test 561</val>
        <desc></desc>
      </attrib>
      <attrib attid="itm_FTUse">
        <name>Fieldtest Use</name>
        <val>PracTest::MG3::S1::SP14 (3); PracTest::MG3::S1::SP14::Braille (3); PracTest::MG3::S1::SP14::ESN (3);</val>
        <desc></desc>
      </attrib>
      <attrib attid="itm_OPUse">
        <name>Operational Use</name>
        <val></val>
        <desc></desc>
      </attrib>
      <attrib attid="itm_att_Answer Key">
        <name>Item: Answer Key</name>
        <val>EQ</val>
        <desc></desc>
      </attrib>
      <attrib attid="itm_att_Grade">
        <name>Item: Grade</name>
        <val>3</val>
        <desc>3</desc>
      </attrib>
      <attrib attid="itm_att_Item Format">
        <name>Item: Item Format</name>
        <val>EQ</val>
        <desc></desc>
      </attrib>
      <attrib attid="itm_att_Page Layout">
        <name>Item: Page Layout</name>
        <val>8</val>
        <desc>8 [9.16]</desc>
      </attrib>
      <attrib attid="itm_att_Response Type">
        <name>Item: Response Type</name>
        <val>EquationEditor</val>
        <desc></desc>
      </attrib>
      <attrib attid="itm_att_Item Point">
        <name>Item: Item Point</name>
        <val>1 pt.</val>
        <desc></desc>
      </attrib>
    </attriblist>
    <tutorial id="1074" bankkey="187" />
    <resourceslist>
      <resource type="wordList" id="2166" index="1" bankkey="187" />
    </resourceslist>
    <statistic />
    <MachineRubric filename="Item_1987_v15.qrx" />
    <RendererSpec filename="Item_1987_v15.eax" />
    <content language="ENU" version="2.0" approvedVersion="15">
      <rationaleoptlist />
      <stem><![CDATA[<p style="">A <span id="item_1987_TAG_4" class="its-tag" data-tag="word" data-tag-boundary="start" data-word-index="1"></span>city park<span class="its-tag" data-tag-ref="item_1987_TAG_4" data-tag-boundary="end"></span> is <span id="item_1987_TAG_5" class="its-tag" data-tag="word" data-tag-boundary="start" data-word-index="2"></span>in the shape<span class="its-tag" data-tag-ref="item_1987_TAG_5" data-tag-boundary="end"></span> of a rectangle. The park is <span id="item_1987_TAG_3_BEGIN">120</span> feet wide and 55 feet long. </p><p style=""><br /></p><p style=""><img id="item_1987_graphics2" src="item_1987_v15_graphics2_png256.png" width="641" height="297" style="vertical-align:baseline;" /></p><p style="color:#000000; "><br /><span id="item_1987_TAG_6" class="its-tag" data-tag="word" data-tag-boundary="start" data-word-index="3"></span>Enter<span class="its-tag" data-tag-ref="item_1987_TAG_6" data-tag-boundary="end"></span> the perimeter, in feet, of the <span id="item_1987_TAG_7" class="its-tag" data-tag="word" data-tag-boundary="start" data-word-index="1"></span>city <span id="item_1987_TAG_2_BEGIN">park</span><span class="its-tag" data-tag-ref="item_1987_TAG_7" data-tag-boundary="end"></span>.</p>]]></stem>
      <rubriclist>
        <rubric scorepoint="">
          <name>
        Rubric </name>
          <val><![CDATA[<p style="color:#000000; ">Exemplar: 350</p><p style="color:#000000; ">&#xA0;</p><p style="color:#000000; ">1 point: The student enters 350, or equivalent number.</p>]]></val>
        </rubric>
        <samplelist maxval="" minval="" />
      </rubriclist>
      <attachmentlist>
        <attachment pass="true" id="aslfile1" type="ASL" subtype="STEM" file="item_1987_ASL_STEM.MP4" />
      </attachmentlist>
      <apipAccessibility>
        <accessibilityInfo>
          <accessElement identifier="ae3">
            <contentLinkInfo itsLinkIdentifierRef="item_1987_TAG_3_BEGIN" type="Text">
              <objectLink />
            </contentLinkInfo>
            <relatedElementInfo>
              <readAloud>
                <textToSpeechPronunciation>1 hundred 20</textToSpeechPronunciation>
                <textToSpeechPronunciationAlternate>120</textToSpeechPronunciationAlternate>
              </readAloud>
              <brailleText>
                <brailleTextString></brailleTextString>
              </brailleText>
            </relatedElementInfo>
          </accessElement>
          <accessElement identifier="ae4">
            <contentLinkInfo itsLinkIdentifierRef="item_1987_graphics2" type="Graphic" subtype="Generic">
              <objectLink />
            </contentLinkInfo>
            <relatedElementInfo>
              <readAloud>
                <audioText>From top to bottom the figure reeds, 55 feet, 120 feet.</audioText>
              </readAloud>
              <brailleText />
            </relatedElementInfo>
          </accessElement>
          <accessElement identifier="ae7">
            <contentLinkInfo itsLinkIdentifierRef="item_1987_TAG_2_BEGIN" type="Text">
              <objectLink />
            </contentLinkInfo>
            <relatedElementInfo>
              <readAloud>
                <textToSpeechPronunciation>park. From left to right top to bottom the equation tool reeds, 1, 2, 3, 4, 5, 6, 7, 8, 9, 0, point, box over box.</textToSpeechPronunciation>
                <textToSpeechPronunciationAlternate>park</textToSpeechPronunciationAlternate>
              </readAloud>
              <brailleText>
                <brailleTextString>park</brailleTextString>
              </brailleText>
            </relatedElementInfo>
          </accessElement>
        </accessibilityInfo>
      </apipAccessibility>
    </content>
    <content language="ESN" version="2.0" approvedVersion="15">
      <stem><![CDATA[<p style="">Un parque de la ciudad tiene forma de rectángulo. El parque mide 120 pies de ancho y 55 pies de largo. </p><p style=""><br /></p><p style=""><img id="item_1987_graphics1" src="item_1987_v15_graphics1_png256.png" width="641" height="297" style="vertical-align:baseline;" /></p><p style="color:#000000; "><br />Escribe el perímetro, en pies, del parque de la ciudad.</p><p class="languagedivider">&#xA0;</p><p style="">A <span id="item_1987_TAG_4" class="its-tag" data-tag="word" data-tag-boundary="start" data-word-index="1"></span>city park<span class="its-tag" data-tag-ref="item_1987_TAG_4" data-tag-boundary="end"></span> is <span id="item_1987_TAG_5" class="its-tag" data-tag="word" data-tag-boundary="start" data-word-index="2"></span>in the shape<span class="its-tag" data-tag-ref="item_1987_TAG_5" data-tag-boundary="end"></span> of a rectangle. The park is <span id="item_1987_TAG_3_BEGIN">120</span> feet wide and 55 feet long. </p><p style=""><br /></p><p style=""><img id="item_1987_graphics2" src="item_1987_v15_graphics2_png256.png" width="641" height="297" style="vertical-align:baseline;" /></p><p style="color:#000000; "><br /><span id="item_1987_TAG_6" class="its-tag" data-tag="word" data-tag-boundary="start" data-word-index="3"></span>Enter<span class="its-tag" data-tag-ref="item_1987_TAG_6" data-tag-boundary="end"></span> the perimeter, in feet, of the <span id="item_1987_TAG_7" class="its-tag" data-tag="word" data-tag-boundary="start" data-word-index="1"></span>city <span id="item_1987_TAG_2_BEGIN">park</span><span class="its-tag" data-tag-ref="item_1987_TAG_7" data-tag-boundary="end"></span>.</p>]]></stem>
      <rubriclist>
        <rubric scorepoint="_Spanish">
          <name>
        Rubric _Spanish</name>
          <val><![CDATA[<p style="">&#xA0;</p>]]></val>
        </rubric>
        <samplelist maxval="_Spanish" minval="_Spanish" />
      </rubriclist>
      <attachmentlist />
      <apipAccessibility>
        <accessibilityInfo>
          <accessElement identifier="ae3">
            <contentLinkInfo itsLinkIdentifierRef="item_1987_TAG_3_BEGIN" type="Text">
              <objectLink />
            </contentLinkInfo>
            <relatedElementInfo>
              <readAloud>
                <textToSpeechPronunciation>1 hundred 20</textToSpeechPronunciation>
                <textToSpeechPronunciationAlternate>120</textToSpeechPronunciationAlternate>
              </readAloud>
              <brailleText>
                <brailleTextString />
              </brailleText>
            </relatedElementInfo>
          </accessElement>
          <accessElement identifier="ae4">
            <contentLinkInfo itsLinkIdentifierRef="item_1987_graphics2" type="Graphic" subtype="Generic">
              <objectLink />
            </contentLinkInfo>
            <relatedElementInfo>
              <readAloud>
                <audioText>From top to bottom the figure reeds, 55 feet, 120 feet.</audioText>
              </readAloud>
              <brailleText />
            </relatedElementInfo>
          </accessElement>
          <accessElement identifier="ae7">
            <contentLinkInfo itsLinkIdentifierRef="item_1987_TAG_2_BEGIN" type="Text">
              <objectLink />
            </contentLinkInfo>
            <relatedElementInfo>
              <readAloud>
                <textToSpeechPronunciation>park. From left to right top to bottom the equation tool reeds, 1, 2, 3, 4, 5, 6, 7, 8, 9, 0, point, box over box.</textToSpeechPronunciation>
                <textToSpeechPronunciationAlternate>park</textToSpeechPronunciationAlternate>
              </readAloud>
              <brailleText>
                <brailleTextString>park</brailleTextString>
              </brailleText>
            </relatedElementInfo>
          </accessElement>
        </accessibilityInfo>
      </apipAccessibility>
    </content>
  </item>
</itemrelease>